ID,MARK,PN,MANUFACTURER,MANUFACTURER PART #,DESCRIPTION,QTY,W,H,D
1,SCB1,SPCB=SU201M-C13,ABB,SU201M-C13,"MINIATURE CIRCUIT BREAKER, 230 VAC, 13A, 1 POLE, C-CURVE TRIP",1,,,
2,"SCB2, SCB3",SPCB=SU201M-C4,ABB,SU201M-C4,"MINIATURE CIRCUIT BREAKER, 230 VAC, 4A, 1 POLE, C-CURVE TRIP",2,,,
3,N7,ELCO=ACUVIM-AXM-WEB2,Accuenergy,AXM-WEB2,MULTIFUNCTION POWER AND ENERGY METER COMMUNICATION MODULE,1,,,
4,N7,ELCO=ACUVIM-CL-M-5A-P1V4,Accuenergy,Acuvim-CL-M-5A-P1V4,"MULTIFUNCTION POWER AND ENERGY METER, 1-5A, 100-415 VAC",1,,,
5,"CT1, CT2, CT3",INCT=2031-1001,Accuenergy,AcuCT-2031-1000:5,"SPLIT-CORE CURRENT TRANSFORMER, 1000:5A",3,,,
6,N2,ELTO=TPC-107WX,Advantech Corp,TPC-107WX-N32YA,"TOUCH SCREEN HMI, 7"" SCREEN, 2GB RAM, 16GB STORAGE, -30C TO 70C",1,,,
7,"S2, S3",ELSE=PS21L-NS11R1-T00,Carlo Gavazzi,PS21L-NS11R1-T00,"SWITCH LIMIT, ROLLER LEVER, SPST-NO, SPST-NC, 10A",2,,,
8,PS1,ELSE=DPS-AFS262,Cleveland Controls,AFS-262,"DIFFERENTIAL PRESSURE SWITCH, 0.05-2"" WC, ADJUSTABLE, SPDT",1,,,
9,M1,ENCF=AFK300-7P5HP-480V-ST,Continental Fan,AFK300-J2-A181A09,"DIRECT DRIVE PANEL FAN, 7.5 HP, 1750 RPM, 5.5A, 480VAC, 3 PHASE",1,,,
10,"FC1, FC2, FC3, FC4, FC5, FC6, FC7, FC8, FC9, FC10, FC11, FC12, FC13, FC14, FC15, FC16, FC17, FC18, FC19, FC20, FC21, FC22, FC23, FC24, FC25, FC26, FC27, FC28, FC29, FC30, FC31, FC32, FC33, FC34, FC35, FC36, FC37, FC38, FC39, FC40, FC41, FC42, FC43, FC44, FC45, FC46, FC47, FC48, FC49, FC50, FC51, FC52, FC53, FC54, FC55, FC56, FC57, FC58, FC59, FC60, FC61, FC62, FC63, FC64, FC65, FC66, FC67, FC68, FC69, FC70, FC71, FC72, FC73, FC74, FC75",SPFU=690V-40A-BS88,Eaton Bussmann,40FE,"FUSE 40A, 690VAC, 500VDC, 200kA BREAKING CAPACITY",75,,,
11,M2,ENCF=FF-8-81-120VAC,Finder Components,7F.30.8.120.3100,"COOLING FAN, UL TYPE NEMA 3R / IP54, 120 VAC, 1.14 A, 81 CFM",1,,,
12,CPT1,INPT=SP1000ACP,Hammond,SP1000ACP,"CONTROL POWER TRANSFORMER, 1000VA",1,,,
13,"C1, C2, C3, C4, C5, C6, C7, C8, C9, C10, C11, C12, C13, C14, C15, C16, C17, C18, C19, C20, C21, C22, C23, C24, C25",SPCO=DP-600X120-40A-3NO,Hecheng Electric,SA-3P-40A-120V,"CONTACTOR, 3 POLES, 40A, 120VAC",25,,,
14,N3,ELNW=VPN-IN302,InHand,IR302,COMPACT INDUSTRIAL LTE CAT 4 ROUTER WITH 2 ETHERNET PORTS,1,,,
15,"F12, F13, F14, F4, F5, F6",SPFU=600V-1A,Mersen,ATMR1,"FUSE 1A, 600V, FAST ACTING CLASS CC",6,,,
16,"F1, F2, F3",SPFU=600V-25A-TD,Mersen,ATQR25,"FUSE 25A, 600V, TIME DELAY CLASS CC",3,,,
17,"F101, F102, F103",SPFU=600V-3A,Mersen,USCC1 / ATMR3,"FUSE 3A, 600V, FAST ACTING CLASS CC",3,,,
18,"F7, F8",SPFU=600V-4A-TD,Mersen,ATQR4,"FUSE 4A, 600V, TIME DELAY CLASS CC",2,,,
19,"F9, F10, F11",SPFU=600V-6A,Mersen,USCC1 / ATMR6,"FUSE 6A, 600V, FAST ACTING CLASS CC",3,,,
20,"F7, F8, F12, F13, F14, F9, F10, F11, F4, F5, F6, F101, F1, F2, F3, F102, F103",SPFU=HO,Mersen,USCC1,"MODULAR FUSE HOLDER, CLASS CC",17,,,
21,H3,IDLA=R120AC,NHD Industrial,NLD22-RE,"RED PILOT LIGHT, 120 VAC",1,,,
22,S1,SPPB=1NC-CB-01,NHD Industrial,CB-01,"PUSH-BUTTON CONTACT BLOCK, NC, 22mm",1,,,
23,S4,SPSS=02,NHD Industrial,NSS22-S210B,"SELECTOR SWITCH, 2 POS",1,,,
24,H2,IDLA=Y120AC,NHD Industrial,NLD22-YE,"YELLOW PILOT LIGHT, 120 VAC",1,,,
25,H1,IDLA=G120AC,NHD Industrial,NLD22-GE,"GREEN PILOT LIGHT, 120 VAC",1,,,
26,S1,SPPB=EMER,NHD Industrial,NLB22-R,"EMERGENCY PUSH-BUTTON NC, IP65, 22mm, ILLUMINATED, 120V AC/DC",1,,,
27,N1,ELPS=24VDC-60W,Phoenix Contact,2902992,"UNO POWER SUPPLY, 24VDC, 60W",1,,,
28,"EP1, EP2, EP3",ELNW=CON-RJ45,Rean,RRE8F-Z-011-1,IP65 RJ45 FEED THROUGH ETHERNET CONNECTOR (FEMALE TO FEMALE),3,,,
29,"TC1, TC2, TC3",ELSE=TCK-10M-150MM,RPD,RPD-TP-R-05874,"TYPE K THERMOCOUPLE, 6*150mm, 1/2NPT, 10 METER WIRE",3,,,
30,RM1,SPLD=RM17TU,Schneider Electric,RM17TU00,"RELAY OUTPUT MONITORS, 208-480 VAC",1,,,
31,CB1,SPLD=MMS-3RV2-10A,Siemens,3RV2011-1JA10,"MANUAL MOTOR PROTECTOR, 7-10A ADJUSTABLE, 600VAC, THERMAL/MAGNETIC TRIP",1,,,
32,CB1,SPLD=MMS-3RA1921-1DA00,Siemens,3RA1921-1DA00,CONNECTION BRACKET FOR MOTOR STARTER AND CONTACTOR,1,,,
33,CB1,SPLD=MMS-3RV2901-1E,Siemens,3RV2901-1E,"AUXILIARY CONTACT, 1NO-1NC, 6A",1,,,
34,"K2, K3",SPCO=3RT-12A-4NO,Siemens,3RT2017-1AF01,"CONTACTOR, 3NO+1NO AUX. CONTACT, 12A, 120VAC",2,,,
35,K1,SPCO=3RT-16A-4NO,Siemens,3RT2018-1AF01,"CONTACTOR, 3NO+1NO AUX. CONTACT, 16A, 120VAC",1,,,
36,DS1,SPLD=BASE-22003002,Socomec,22003002,"DISCONNECT SWITCH, 3POLE, 600V, 25A",1,,,
37,DS1,SPLD=HA-DM-22993409,Socomec,22993409,"DOOR MOUNTING HARDWARE, S0 AND S00 TYPE",1,,,
38,DS1,SPLD=HA-SOCO,Socomec,14731111,"ROTARY HANDLE, 2 POSITION, S00 TYPE",1,,,
39,DS1,SPLD=SHAFT-SOCO,Socomec,14070532,"SHAFT FOR INTERLOCKING WITH DOOR, 320mm, S0 AND S00 TYPE HANDLES",1,,,
40,RT1,ENHE=TS-NO-60C,Stego,111010-00,"THERMOSTAT, ADJUSTABLE, NO, 0 - 60 ºC",1,,,
41,"H4, H5",ENLA=120V-400LM-351MM,Stego,025403-11,"STEGO ECOLINE LED ENCLOSURE LIGHT, 100-240 VAC / 90-110 VDC, OFF/ON SWITCH",2,,,
42,Q2,ENHE=HYGROTHERM,Stego,012300-00,"HYGROTHERM, ABJUSTABLE, 0 - 60 DEG C, 50% - 90% RELATIVE HUMIDITY, 2K/4% RH",1,,,
43,E1,ELPO=120V-20A,Wago,51012218,"RECEPTACLE, 20A, DIN-RAIL MOUNT, OUTLET",1,,,
44,"U1, U2, U3, U4, U5, U6, U7, U8, U9, U10, U11, U27, U26, U12, U13, U14, U15, U16, U17, U18, U19, U20, U21, U22, U23, U24, U25, U28, U29, U30, U31, U32",ELAR=TRPL-24V-1NO,Weidmüller,TRPL 24VDC 1NO,"SLIM INTERPOSING RELAY, 1NO CONTACT, 24VDC",32,,,
45,NM1,ELCO=UR20-16DI-P,Weidmüller,UR20-16DI-P,UC20 16-CHANNEL DIGITAL INPUT MODULE,1,,,
46,"NM3, NM5",ELCO=UR20-16DO-PLC,Weidmüller,UR20-16DO-P-PLC-INT,UC20 16-CHANNEL DIGITAL OUTPUT MARSHALLING ADAPTER VERSION,2,,,
47,"NM4, NM6",ELCO=UR20-TIAL-F20,Weidmüller,TIAL F20,UC20 20 PIN ADAPTER FOR RELAY MARSHALLING,2,,,
48,"NM3, NM5",ELCO=UR20-TIAU-20-1M,Weidmüller,SP-CBL-TIAU-20-20 1M,UC20 20-PIN TO 20-PIN CONNECTOR CABLE FOR RELAY MARSHALLING,2,,,
49,N4,ELCO=UC20-WL2000,Weidmüller,UC20-WL2000-AC,UC20 CONTROLLER,1,,,
50,NM2,ELCO=UR20-4AI-TC,Weidmüller,UR20-4AI-TC-DIAG,UC20 THERMOCOUPLES 4-CHANNEL INPUT MODULE,1,,,
51,"N6, N5",ELNW=ETH-EL-05,Weidmüller,IE-SW-EL05-5TX,UNMANAGED 5 PORT ETHERNET SWITCH,2,,,
52,"R1, R2, R3",ELAR=TRP-24V-2CO,Weidmüller,TRP 24VDC 2CO,"INTERPOSING RELAY, 2CO CONTACTS, 24VDC",3,,,
53,"TB1 6, TB3 1, TB3 2, TB3 3, TB3 4, TB3 5, TB3 7, TB3 6, TB5 1, TB5 2, TB5 3, TB5 4, TB5 5, TB5 6, TB6 1, TB6 2, TB6 3, TB6 4, TB6 5, TB6 6, TB6 7, TB6 8, TB6 9, TB3 8, TB3 9, TB3 10, TB3 11, TB3 12, TB3 13, TB1 1, TB1 3, TB1 5, TB1 7, TB1 8, TB1 10, TB1 12, TB1 13, TB1 14, TB2 1, TB2 2, TB2 3, TB2 4, TB1 15, TB1 4, TB1 11, TB2 5, TB1 16, TB2 6, TB1 9, TB1 2, TB1 17, TB6 10, TB6 11",TEDI=A2C4,Weidmüller,A2C4,"FEED-THROUGH TERMINAL, PUSH IN, 4mm, 800V, 32A, #10-28 AWG",53,,,
